id,created_at,retweet_count,text
822446982648201216,2017-01-20 14:13:35,343503,"b""I'm still asking you to believe - not in my ability to bring about change, but in yours. I believe in change because I believe in you."""
822446334787600385,2017-01-20 14:11:01,58034,"b'As we look forward, I want our first steps to reflect what matters most to you. Share your thoughts with me at https://t.co/fGUxlpLVue.'"
822446040729157632,2017-01-20 14:09:51,221973,"b""I won't stop; I'll be right there with you as a citizen, inspired by your voices of truth and justice, good humor, and love."""
822445882247413761,2017-01-20 14:09:13,643925,"b""It's been the honor of my life to serve you. You made me a better leader and a better man."""
822181779217981441,2017-01-19 20:39:46,70008,"b'Proud to make this one of my final actions as President. America is a nation of second chances, and 1,715 people de\xe2\x80\xa6 https://t.co/vZLJa9SweM'"
821879923602325504,2017-01-19 00:40:18,375823,"b'RT @FLOTUS: Being your First Lady has been the honor of a lifetime. From the bottom of my heart, thank you. -mo https://t.co/pahEydkZ5Z'"
821371347012087808,2017-01-17 14:59:24,362006,"b""To the girl from the South Side who took on a role she didn't ask for and made it her own: Happy Birthday, Michelle\xe2\x80\xa6 https://t.co/cFWec1RQN0"""
821147626422800386,2017-01-17 00:10:24,16943,"b'From one 44 to another, thanks for finally giving @FLOTUS and generations of hopeful fans a @Cubs championship. https://t.co/RnLyTYF2ub'"
821082223910780928,2017-01-16 19:50:31,11693,"b'In honor of their legacy, @FLOTUS and I are joining Americans across the country in a day of service to our community here in D.C. #MLKDay'"
821081947728412672,2017-01-16 19:49:25,71355,"b'Dr. King and those who marched with him proved that people who love their country can change it. As Americans, we all owe them a great deal.'"
819694728665006080,2017-01-12 23:57:07,47166,"b'That is out of this world. Thanks, @NASA. https://t.co/R8CSjAwt2E'"
819044196371800065,2017-01-11 04:52:08,889996,"b""Thank you for everything. My last ask is the same as my first. I'm asking you to believe\xe2\x80\x94not in my ability to create change, but in yours."""
815603723707658241,2017-01-01 17:00:55,271132,b'It\xe2\x80\x99s been the privilege of my life to serve as your President. I look forward to standing with you as a citizen. Happy New Year everybody.'
815603416089194496,2017-01-01 16:59:42,55701,"b""From realizing marriage equality to removing barriers to opportunity, we've made history in our work to reaffirm that all are created equal."""
815601969154899969,2017-01-01 16:53:57,18663,b'We brought home more of our troops &amp; strengthened U.S. leadership\xe2\x80\x94leading with diplomacy &amp; partnering with nations to meet global problems.'
815601640124387328,2017-01-01 16:52:38,19955,"b'We traded foreign oil for clean energy, we doubled fuel efficiency standards, &amp; we acted on a global scale to save\xe2\x80\xa6 https://t.co/U2n4myQUkV'"
815601279716225024,2017-01-01 16:51:12,18101,"b'After decades of rising health care costs, today nearly every American now has access to the financial security of\xe2\x80\xa6 https://t.co/P9VEPIE3Ab'"
815600798558208001,2017-01-01 16:49:18,27221,"b'Facing the worst financial crisis in 80 years, you delivered the longest streak of job growth in our history. https://t.co/Vk3PfRgZqF'"
815600521688055808,2017-01-01 16:48:12,52431,"b'As we look ahead to the future, I wanted to take a moment to look back on the remarkable progress that you made possible these past 8 years.'"
813059340013895680,2016-12-25 16:30:27,111285,"b'The best part of the holidays is the time we share with those we love. On behalf of Michelle, Malia, and Sasha, Mer\xe2\x80\xa6 https://t.co/AOai9bJYlg'"
811329368408621056,2016-12-20 21:56:09,27849,b'A ban on drilling in Arctic waters helps protect the planet we share. Proud to take this step with @JustinTrudeau &amp;\xe2\x80\xa6 https://t.co/cDbN6inXRy'
809899303321866240,2016-12-16 23:13:35,6743,"b'The Justice for All bill is a bipartisan step in making our criminal justice system fairer, smarter, and more effective. Proud to sign it.'"
809805411129946115,2016-12-16 17:00:30,11619,"b""The suits said it all \xe2\x80\x93 colorful, fun, a little outlandish. That\xe2\x80\x99s what sports should be. Thanks, Craig Sager.  We'll all miss you."""
808807755456937984,2016-12-13 22:56:10,11587,"b""In signing the Cures Act into law, we're one step closer to breakthroughs on the greatest health challenges of our\xe2\x80\xa6 https://t.co/LhyahsK0sJ"""
808510710770761728,2016-12-13 03:15:49,12861,"b""Great to see so many investors come together to work towards a clean energy future. It's a smart investment and it'\xe2\x80\xa6 https://t.co/aqGx2t7QAZ"""
805906134074847232,2016-12-05 22:46:10,9887,"b""Proud of our Champions of Change - folks who prove that, here in America, there's no more powerful role than that o\xe2\x80\xa6 https://t.co/wbz1YSlUEx"""
804353679050543104,2016-12-01 15:57:15,33276,"b'Today, we honor those who are leading the fight against HIV/AIDS. Because of them, an AIDS-free generation is now w\xe2\x80\xa6 https://t.co/yW9uyfbf1x'"
801849159800197121,2016-11-24 18:05:11,7897,"b'This Thanksgiving, we give thanks for our blessings, and work to fulfill the timeless responsibility we have as Americans to serve others.'"
801848753468674048,2016-11-24 18:03:35,20992,"b""The Old Soldiers Home in DC has cared for our nation's veterans for 165 years. I was honored to be a small part of\xe2\x80\xa6 https://t.co/43ttiaLibI"""
800468765934690304,2016-11-20 22:40:00,207909,"b'Happy birthday, Joe! The best @VP and friend I could have had alongside me these past eight years. https://t.co/kWH3L5uSFC'"
800357392588406785,2016-11-20 15:17:26,22915,"b""One thing I've learned from my time abroad as President: Young people will shape our future long after their leader\xe2\x80\xa6 https://t.co/bwEltHdPDs"""
797128959578271744,2016-11-11 17:28:48,52497,"b'Today, we honor those who honored our country with its highest form of service. We owe our veterans our thanks, our respect and our freedom.'"
796018814072672256,2016-11-08 15:57:29,58588,"b'Today, progress is on the ballot. Go vote - then make sure your friends, your family, and everyone you know votes too.'"
794322003754790913,2016-11-03 23:34:58,6821,"b""It's pretty simple: Find a plan, get covered, earn some peace of mind. Start today: https://t.co/PJ7xIKP3Vo https://t.co/ZBQdNz8s80"""
794057504871346176,2016-11-03 06:03:56,74721,"b""It happened: @Cubs win World Series. That's change even this South Sider can believe in. Want to come to the White House before I leave?"""
790236602584948736,2016-10-23 17:01:02,20698,"b""I'll say it: Holy Cow, @Cubs fans. Even this White Sox fan was happy to see Wrigley rocking last night. #FlyTheW"""
789598150541635588,2016-10-21 22:44:03,13602,b'Check out my newest science advisors! These kids are fearless in using science to tackle our toughest problems. Tha\xe2\x80\xa6 https://t.co/pLBZQWDFin'
789265672404627456,2016-10-21 00:42:54,4529,b'RT @vj44: We lit the @WhiteHouse pink tonight to commemorate Breast Cancer Awareness Month. Make sure to enroll in #ACA starting Nov. 1 htt\xe2\x80\xa6'
789096632537055232,2016-10-20 13:31:12,21629,b'Outstanding 3 for 3 debate sweep for @HillaryClinton! Nobody has ever been more prepared to be @POTUS.'
788098889140219904,2016-10-17 19:26:31,6532,"b""For the loved ones we've lost and the ones we can still save, thank you Joe for putting us on the path to ending ca\xe2\x80\xa6 https://t.co/OPPnQIJDl2"""
787662124197830656,2016-10-16 14:30:59,35994,"b""For a century, Planned Parenthood has made it possible for women to determine their own lives. Here's to another #100YearsStrong."""
787047018606784512,2016-10-14 21:46:46,16259,"b'Clearly, we still have more to do to prevent sexual assault and the thinking that leads to it. That starts with us: https://t.co/9PRZB451fS'"
786598777482153988,2016-10-13 16:05:37,11716,"b'Congratulations to one of my favorite poets, Bob Dylan, on a well-deserved Nobel. https://t.co/c9cnANWPCS'"
786254141182074880,2016-10-12 17:16:09,7844,"b'Now this was fun. Artificial intelligence, space travel\xe2\x80\x94hope you enjoy exploring new frontiers as much as I did. https://t.co/WWBUm5eJ08'"
785887247727857664,2016-10-11 16:58:15,25414,"b'On International #DayoftheGirl, we remain committed to providing what we all want for our daughters: a future of limitless possibility.'"
785511825395765248,2016-10-10 16:06:27,26759,"b""Just like Michelle says, when they go low, we go high. @HillaryClinton went high and showed why she'll be a POTUS for all Americans."""
784508784316063744,2016-10-07 21:40:44,16546,b'Voted early today. Make sure you vote too: https://t.co/SUUmUADsHj https://t.co/NMesNhwsaG'
784170804279992320,2016-10-06 23:17:43,10926,"b'Hurricane Matthew is as serious as it gets. Listen to local officials, prepare, take care of each other. https://t.co/Vaf8Xubs0s'"
783771904297447424,2016-10-05 20:52:38,11337,b'Thank you to every nation that moved to bring the Paris Agreement into force. History will judge today as a turning point for our planet.'
782970909229326336,2016-10-03 15:49:46,5510,b'Bringing a little Austin to the South Lawn today. https://t.co/qCXwVI0uLH https://t.co/nTb10I3GHP'
782762238616727552,2016-10-03 02:00:35,3957,b'What a win by the USA in #RyderCup. Proud to see our guys bring the trophy back home. Arnie is smiling down.'
782594690738597888,2016-10-02 14:54:48,15614,"b'Gandhiji believed in a world worthy of our children. In joining the Paris Agreement, @narendramodi &amp; the Indian people carry on that legacy.'"
782218662228942848,2016-10-01 14:00:36,5235,"b""Paid leave shouldn't be a luxury. It's a basic necessity that we should secure for every working American. https://t.co/OPeQiVPJlK"""
781639251528081409,2016-09-29 23:38:14,4147,"b'Our Olympians and Paralympians show the world that no matter what, with perseverance, we can do incredible things. Proud of you, #TeamUSA.'"
780906000391864320,2016-09-27 23:04:33,24881,"b""Couldn't be more proud of @HillaryClinton. Her vision and command during last night's debate showed that she's ready to be our next @POTUS."""
780809121314504704,2016-09-27 16:39:35,16703,"b""Democracy is not a spectator sport. Don't give up your power to shape the future of the country we love. Vote: https://t.co/sUxB8TLc5r"""
780480428872306688,2016-09-26 18:53:29,1290,b'RT @NYTNational: Census data shows 3.5 million Americans were able to raise their chins above the poverty line last year https://t.co/FEr5e\xe2\x80\xa6'
780244157625278464,2016-09-26 03:14:38,12081,"b""Here's to The King who was as extraordinary on the links as he was generous to others. Thanks for the memories, Arn\xe2\x80\xa6 https://t.co/r4dLQqt45A"""
779683020043419649,2016-09-24 14:04:52,8376,b'Proud to help open @NMAAHC with so many heroes. African American history is a central part of our glorious American history.'
772970240602836992,2016-09-06 01:30:41,5980,"b'Sabaidii, Laos! Honored to be the first U.S. president to visit Laos and to begin a new partnership between our countries.'"
772841067276333056,2016-09-05 16:57:23,15932,"b""Happy Labor Day - longest streak of job growth ever, unemployment cut in half. That's what hardworking Americans can do. Let's keep going!"""
770297035274584068,2016-08-29 16:28:19,5899,b'Congrats to NASA and the scientists taking us a step closer to Mars. Now enjoy Hawaii and get a shave ice! https://t.co/lFZjSnn38x'
770050438578184192,2016-08-29 00:08:26,5021,"b'Congratulations to Maine-Endwell, Little League World Series Champs and still undefeated! Proud of you and the sportsmanship you showed.'"
769204867235667969,2016-08-26 16:08:26,24287,"b""Nearly 100 years ago, women broke down barriers to the ballot box, moving us closer to a more equal nation. Let's finish what they started."""
768871824885026817,2016-08-25 18:05:02,7983,"b'100 years and going strong. Thanks @NatlParkService for your service, so our kids enjoy our parks as much as we have https://t.co/1v3W2HLD6f'"
768833523729903618,2016-08-25 15:32:50,10015,"b'Felicitaciones, @JuanManSantos and Colombia. After decades of war, we stand with you in building a future of peace. https://t.co/haXJaqgS9f'"
767528566099701760,2016-08-22 01:07:24,17135,"b""Couldn't be prouder of #TeamUSA. Your determination and passion inspired so many of us. You carried that flag high tonight, @Simone_Biles!"""
764961309767131136,2016-08-14 23:06:03,16077,"b""Final win for Phelps. World record for Ledecky. 3 #1 finishes for Biles. That's how #TeamUSA gets America to 1000 golds-way to make history."""
763744742072913920,2016-08-11 14:31:50,119353,"b""Been waiting to drop this: summer playlist, the encore. What's everybody listening to? https://t.co/mqh1YVrycj"""
762030430954684416,2016-08-06 20:59:47,19502,"b""The struggle for the Voting Rights Act taught us that people who love this country can change it. Don't give away your power - go vote."""
761703867402686464,2016-08-05 23:22:08,15325,"b""Tonight, the first-ever #TeamRefugees will also stand before the world and prove that you can succeed no matter where you're from."""
761703659411345408,2016-08-05 23:21:18,10742,"b""Ready to root on #TeamUSA! Our team's unity and diversity makes us so proud - and reminds the world why America sets the gold standard."""
761640808009302016,2016-08-05 19:11:33,12817,"b""Longest streak of total job growth on record, wages rising at fastest pace in 7 years. We've come a long way, America\xe2\x80\x94let's keep it going."""
758867227328163841,2016-07-29 03:30:20,62432,"b""Great speech. She's tested. She's ready. She never quits. That's why Hillary should be our next @POTUS. (She'll get the Twitter handle, too)"""
757763701101490176,2016-07-26 02:25:19,174077,"b""Incredible speech by an incredible woman. Couldn't be more proud &amp; our country has been blessed to have her as FLOTUS. I love you, Michelle."""
756568912691601410,2016-07-22 19:17:39,4526,"b'\xc2\xa1Bienvenido, amigo! We value our enduring partnership with Mexico &amp; will work to strengthen it in the years to come. https://t.co/mjlABSm7jF'"
755803507760902144,2016-07-20 16:36:13,15852,"b'This map says it all. Stay safe as it heats up: Drink water, stay out of the sun, and check on your neighbors. https://t.co/c1qFTmq2IV'"
755043199731675137,2016-07-18 14:15:01,3782,"b""44 men came home because Chuck Kettles believed that we leave no man behind. That's America at our best. https://t.co/UymO2AaRHg"""
753403382744780800,2016-07-14 01:38:58,7048,"b'Congrats Carla Hayden, our newest Librarian of Congress! Her confirmation is certainly one for the history books.\nhttps://t.co/5T8rvSRp9e'"
750379001546416128,2016-07-05 17:21:09,10417,"b""Incredible! After a 5-year journey, we're up close and personal with our solar system's largest planet. Welcome to Jupiter, @NASAJuno!"""
749966042135293952,2016-07-04 14:00:12,17868,"b'Happy Fourth of July, everybody! And to our brave men and women in uniform: On this day and every day, we thank you.'"
749378629822545920,2016-07-02 23:06:02,19454,b'Elie Wiesel was a great moral voice of our time and a conscience for our world. He was also a dear friend. We will miss him deeply.'
748666260599218177,2016-06-30 23:55:20,998,"b""RT @MarchofDimes: 2016 Nat'l Amb. Ismael was honored to meet @POTUS today &amp; talk about the need to help babies &amp; #ZAPzika! https://t.co/Zzw\xe2\x80\xa6"""
748621673578958849,2016-06-30 20:58:10,3981,"b""The list goes on. When Members return, I hope they'll share my commitment to work together to do what must be done. https://t.co/l8nChcXpml"""
748621170015076352,2016-06-30 20:56:10,2879,b'Americans still need and are asking Congress to pass commonsense gun laws that strengthen background checks and keep our communities safe.'
748620897309757440,2016-06-30 20:55:05,3202,"b'After more than 100 days, the Supreme Court still needs its 9th judge, but the Senate GOP refuses to do its job and consider Judge Garland.'"
748620582216884224,2016-06-30 20:53:50,1495,b'Congress is leaving a hefty to-do list undone. Health officials still need emergency funding to effectively protect Americans from Zika.'
748620388175798272,2016-06-30 20:53:03,3343,"b""Proud to sign laws to improve transparency and avert a crisis in Puerto Rico. I'd hoped to use my pen more often before Congress left town."""
748541124524929024,2016-06-30 15:38:05,8537,"b'Until next time, Justin. Good to know that Canada and the world will benefit from your leadership for years to come. https://t.co/T10g64niul'"
747466642725056512,2016-06-27 16:28:29,4419,"b'Women\xe2\x80\x99s opportunities are expanded and our nation is stronger when all of our citizens have accessible, affordable health care.'"
747466445345349632,2016-06-27 16:27:42,45811,"b""Every woman has a constitutional right to make her own reproductive choices. I'm pleased to see the Supreme Court reaffirm that fact today."""
745674203286773761,2016-06-22 17:45:58,25052,b'Thank you John Lewis for leading on gun violence where we need it most. https://t.co/vctfqAH5Wt'
745327295544569856,2016-06-21 18:47:29,5697,"b'By giving him its highest rating, the American Bar Association confirms what we all know: Judge Garland should serve on the Supreme Court.'"
745272915780743168,2016-06-21 15:11:24,61165,"b'Gun violence requires more than moments of silence. It requires action. In failing that test, the Senate failed the American people.'"
744734234179477504,2016-06-20 03:30:52,35154,b'What a game and what a series for the @Cavs. Happy to see @KingJames bring it home for Cleveland!'
744656711596773380,2016-06-19 22:22:49,5050,"b""Happy Father's Day to all the dads out there. Glad to be spending this one with my family in Yosemite. https://t.co/SaNJgmoIK1"""
739817582514016256,2016-06-06 13:53:51,16324,"b'RT @FLOTUS: Together, we are stronger. Together we can change tomorrow. Stand with us: https://t.co/kMuWTuXTdb #StateOfWomen\nhttps://t.co/m\xe2\x80\xa6'"
739095745584844800,2016-06-04 14:05:32,63999,"b""He shook up the world, and the world's better for it. Rest in peace, Champ. https://t.co/z1yM3sSLH3"""
738388734207512578,2016-06-02 15:16:07,18436,b'We cannot accept our level of gun violence as the new normal. We must take action to prevent this from happening again &amp; again. #WearOrange'
737267478661730304,2016-05-30 13:00:39,16065,"b""This Memorial Day, I hope you'll join me in acts of remembrance. The debt we owe our fallen heroes is one we can never truly repay."""
732266263528001537,2016-05-16 17:47:36,5321,"b'Today, I join all Americans in honoring 13 officers who went beyond the call of duty to save the lives of strangers. https://t.co/OufzQ70ovH'"
727561463993270272,2016-05-03 18:12:25,14211,b'To my 5th grade teacher Ms. Mabel Hefty and the educators who inspire our young people every single day: Thank you. https://t.co/fz2ij8daBg'
723568187447500800,2016-04-22 17:44:33,8877,"b""Today, the US joined some 170 nations to sign the Paris Agreement - an historic step this Earth Day to protect the one planet we've got."""
722217866330636288,2016-04-19 00:18:52,5669,"b""Thank you, Adrianne, for being Boston Strong. Terror and bombs can't beat us. We carry on. We finish the race! https://t.co/55hmcsCHbJ"""
720476914243280896,2016-04-14 05:00:56,18684,"b""Congrats to the @Warriors, a great group of guys on and off the court. If somebody had to break the Bulls' record, I'm glad it's them."""
720416675196223488,2016-04-14 01:01:34,31740,"b'Big night of basketball - @Warriors chasing 73 and a farewell for an\nall-timer, @KobeBryant. NBA fans feeling like: https://t.co/hvno2ZO5b0'"
719899559988740096,2016-04-12 14:46:44,4556,"b""Proud to designate the Belmont-Paul national monument for women's equality. Let's keep up their fight with #EqualPay for women today."""
718579793919238144,2016-04-08 23:22:28,17282,"b""Congrats SpaceX on landing a rocket at sea. It's because of innovators like you &amp; NASA that America continues to lead in space exploration."""
717131662170173440,2016-04-04 23:28:06,9326,"b'RT @repjohnlewis: 48 yrs ago today, my friend, my brother, Dr. Martin Luther King, Jr. was shot and killed in Memphis, TN. The light of his\xe2\x80\xa6'"
717026378739290112,2016-04-04 16:29:45,6605,b'Nobody should have to choose between losing a paycheck &amp; caring for their family. I applaud @NYGovCuomo for taking a big step on paid leave.'
714871062865903616,2016-03-29 17:45:17,1152,"b""Thank you for your leadership @RepHalRogers. This epidemic doesn't discriminate between red or blue, so it's up to all of us to do our part."""
714870949594603520,2016-03-29 17:44:50,696,"b""RT @RepHalRogers: Honored to have our Commander-in-Chief @POTUS @RxSummit to lead this critical discussion about the nation's drug abuse ep\xe2\x80\xa6"""
714084384010272768,2016-03-27 13:39:18,34727,"b'From my family to yours, Happy Easter, and we wish everyone celebrating a blessed and joyful day. https://t.co/fNvcihSmYB'"
711649199243177984,2016-03-20 20:22:45,33804,"b'\xc2\xbfQue bol\xc3\xa1 Cuba? Just touched down here, looking forward to meeting and hearing directly from the Cuban people.'"
710599731827834880,2016-03-17 22:52:33,1529,b'A great example of how tech can make our democracy stronger. Thanks for answering the call to serve. https://t.co/dFU57cuxo8'
710141347051786244,2016-03-16 16:31:05,5020,"b""RT @SCOTUSnom: Meet Chief Judge Merrick Garland, the President's nominee to the Supreme Court. #SCOTUSnominee https://t.co/ACujysyyDJ"""
710141204755783681,2016-03-16 16:30:31,12087,b'Proud to nominate Judge Merrick Garland to the Supreme Court. I ask Senators to meet their constitutional duty and give him a fair hearing.'
708348813858054145,2016-03-11 17:48:12,1966,"b""Looking forward to discussing more ways we can modernize government so it's as smart and dynamic as America itself. See you soon, Austin."""
708346933933416449,2016-03-11 17:40:44,1176,b'Seniors can now apply for Social Security benefits online: https://t.co/jPEHLkNxfk'
708346091578593280,2016-03-11 17:37:23,1895,"b""Nearly 1 in 3 American families struggle to afford diapers. We're working with the private sector to help fix this. https://t.co/fxvdOCFeET"""
708345011037798400,2016-03-11 17:33:05,2186,"b'Immigrants can now apply online to renew their green cards faster, and prep for the citizenship civics test online.'"
708344230729555970,2016-03-11 17:29:59,1509,"b""We've cut the time it takes students to apply for financial aid by two-thirds thanks to a simplified FAFSA form: https://t.co/WDD1UrSXIR"""
708343852470435840,2016-03-11 17:28:29,2526,"b""At #SXSW, I'll make the case that tech and innovation can make government work better for everyone. Here's how it's working better already:"""
707323697493704704,2016-03-08 21:54:45,20102,"b'Happy #InternationalWomensDay! When women are free to pursue their dreams, nations are more safe, more secure, and more prosperous.'"
705090664086773764,2016-03-02 18:01:28,11741,"b""Welcome back to Earth, @StationCDRKelly! Your year in space is vital to the future of American space travel. Hope gravity isn't a drag!"""
704827179167846400,2016-03-02 00:34:29,2307,b'Play ball! https://t.co/S4DhVYa4Ef'
703359876483977217,2016-02-26 23:23:57,5325,"b""Isiah, I'm so proud of you. Your kindness and willingness to help others is why I'm so hopeful for our future. https://t.co/RakSNxe7rk"""
701871557002407936,2016-02-22 20:49:53,2599,"b""We've made big strides in the fight against Malaria - saving millions of lives. That's American leadership at work. https://t.co/jVdeE4Qktw"""
700320856858189824,2016-02-18 14:07:58,2097,"b""Here's how we're looking at the road ahead: https://t.co/a0KcsmpF39"""
700320240022921216,2016-02-18 14:05:31,6866,"b""Next month, I'll travel to Cuba to advance our progress and efforts that can improve the lives of the Cuban people."""
700319754054074368,2016-02-18 14:03:35,2467,b'We still have differences with the Cuban government that I will raise directly. America will always stand for human rights around the world.'
700319236451741697,2016-02-18 14:01:31,2296,b'Our flag flies over our Embassy in Havana once again. More Americans are traveling to Cuba than at any time in the last 50 years.'
700318872147066880,2016-02-18 14:00:05,3185,"b""14 months ago, I announced that we would begin normalizing relations with Cuba - and we've already made significant progress."""
698574908247425024,2016-02-13 18:30:11,7229,"b""Got a view yesterday of the lands we protected in CA. We owe it to our kids to preserve America's natural beauty. https://t.co/8OR9MrupyG"""
697928913457188864,2016-02-11 23:43:14,9195,b'Einstein was right! Congrats to @NSF and @LIGO on detecting gravitational waves - a huge breakthrough in how we understand the universe.'
697824490344968192,2016-02-11 16:48:18,1579,"b'Way to ace your AP Calc test, Landon! You should come drop some knowledge at the White House Science Fair: https://t.co/hFaAgxVdEE'"
697185842209689601,2016-02-09 22:30:32,6211,"b'Just got off the phone with Coach Kubiak. Congrats to Peyton, Von Miller, and that monster @Broncos defense - see you at the White House!'"
695381352988848128,2016-02-04 23:00:08,3962,b'Just got great news - nearly 13 million Americans signed up this round for private health insurance thanks to the Affordable Care Act.'
693841529169952768,2016-01-31 17:01:26,2099,b'Cedrick; way to go on your perfect score! How about you come by the next White House Science Fair? https://t.co/r8TGIJICh7'
693818704019193860,2016-01-31 15:30:44,3357,"b""If you or someone you care about needs affordable health coverage, head over to https://t.co/A3qPizu4p2. Today's the last day to sign up!"""
693116531064967168,2016-01-29 17:00:33,4480,"b""We just took an important step on equal pay. Let's keep at it until every woman &amp; girl gets a fair shot at success: https://t.co/OJAsaK6ImG"""
691735740649050112,2016-01-25 21:33:47,16657,"b""The science couldn't be clearer - we owe it to our kids to do everything we can to combat climate change. https://t.co/497Wkkve58"""
689843464951885824,2016-01-20 16:14:33,1797,b'Seven years ago I bet on American workers and the American auto industry. I\xe2\x80\x99d make that bet again any day of the week.'
689842173999640576,2016-01-20 16:09:25,1179,b'Cars and trucks made in the USA are more fuel efficient than ever before \xe2\x80\x93 and still the best in the world.'
689841261902098432,2016-01-20 16:05:48,1298,"b'American automakers have added more than 640,000 jobs since mid-2009 \xe2\x80\x93 the strongest job growth on record. https://t.co/kLruJgpZI1'"
689840513852137477,2016-01-20 16:02:49,1642,"b'In 2009, auto sales hit a 27-year low. Last year, they hit an all-time high. https://t.co/pDc8W8mtb5'"
689840000456794112,2016-01-20 16:00:47,2106,b'Headed to the Detroit Auto Show today to showcase how our auto industry has come roaring back from the financial crisis. Here are the stats:'
689100817580867584,2016-01-18 15:03:32,31812,"b""Today we honor a man who challenged us to bend the arc of the moral universe toward justice. Let's keep working to realize Dr. King's dream."""
687699148468977665,2016-01-14 18:13:48,1196,"b""Alright everyone, this was a lot of fun. Thanks for the great conversation. i'll be back soon!"""
687698858948726784,2016-01-14 18:12:39,694,"b""places to start - @GabbyGiffords's https://t.co/ATm1M4iMgU and @Everytown"""
687698446619312128,2016-01-14 18:11:01,715,b'great - we need well-meaning folks from all stripes to get info on how we can respect 2A and reduce gun violence https://t.co/dZ0vRltrZg'
687697711605272576,2016-01-14 18:08:05,1476,"b""the night aca passed; standing on truman balcony with all staff whod made it happen, knowing we'd helped millions. https://t.co/eUr3rZ3UN7"""
687697228895399937,2016-01-14 18:06:10,629,b'despite court cases like citizens united ill work with orgs/states across US to find new ways 2 reduce $ in politics https://t.co/fuTdewJcyh'
687695962198781953,2016-01-14 18:01:08,3054,"b'so we all need to speak out against bias and stereotypes, to protect the freedom of others, and our own as well.'"
687695621810032640,2016-01-14 17:59:47,1424,b'overwhelming majority of americans understand of diversity and religious pluralism is one of our greatest strengths  https://t.co/AM1JLoA1TI'
687695122327158785,2016-01-14 17:57:48,622,"b'health care inflation lowest in decades since ACA passed; problem is more costs passed to workers thru copays, etc. https://t.co/ElBcrjxa6L'"
687694645090844672,2016-01-14 17:55:54,3743,"b'love em all, but as a bulls fan got to go with mj. in baton rouge, just met lsu freshman ben simmons - will be great https://t.co/Du1gflVYp4'"
687694262226432000,2016-01-14 17:54:23,959,"b'new power plant rule reduces biggest source of CO2; now we need to invest in clean energy tech, energy efficiency. https://t.co/gQg3FEHXxo'"
687693536204996608,2016-01-14 17:51:30,835,b'new LA gov edwards just expanded medicaid; gets 1000s coverage &amp; helps the state budget. more states need to follow  https://t.co/08mDX2H4Pt'
687692698573082624,2016-01-14 17:48:10,2932,"b'Expanded pell grants, capped loan repayments at 10% income, but now want to also make 2 yrs community college free. https://t.co/RS9XFDpp9c'"
687692019372707840,2016-01-14 17:45:28,3158,"b'Before I start, wanted to share this. Liberia is now Ebola-free. Great example of what we can achieve when we lead. https://t.co/qjVcwg8tIi'"
687691919065915392,2016-01-14 17:45:04,1658,"b""Hey everyone! Ready to answer your questions here at McKinley High School in Baton Rouge. Let's do this. #AskPOTUS https://t.co/jA1MEbwcxg"""
687650227558326272,2016-01-14 14:59:24,1339,"b""Looking forward to hearing your ideas about what we can accomplish this year &amp; beyond. I'll answer your questions on #AskPOTUS at 12:30p ET."""
687081708886355968,2016-01-13 01:20:19,17674,"b""I'm treating this last State of the Union just like my first - because I'm still just as hungry. I hope you tune in, because it's for you."""
687046052822781952,2016-01-12 22:58:38,2480,"b'So proud of you, Scott. How long is the delay up there? See you when you get back!  https://t.co/doBpaDeZXq'"
684862266978742272,2016-01-06 22:21:03,903,"b'About time, Denis! Welcome. Let me know if you need any pointers. https://t.co/WullueHj28'"
684158987185614849,2016-01-04 23:46:28,12472,"b""The gun lobby may be holding Congress hostage, but they can't hold America hostage. We can't accept this carnage in our communities."""
684157715837403136,2016-01-04 23:41:25,5233,"b""What's often ignored in this debate is that a majority of gun owners agree with commonsense steps to save lives."""
684156422179786752,2016-01-04 23:36:16,5295,"b'We will keep guns out of the wrong hands, enforce our guns laws, and ensure those with serious mental illnesses get treatment.'"
684155537433309184,2016-01-04 23:32:45,8808,"b""Tomorrow, I'm taking action to reduce gun violence and save lives - protecting the Second Amendment and our kids. https://t.co/vNqXEhaC9M"""
684154637436370944,2016-01-04 23:29:11,6176,"b""Guns now kill as many people as cars in almost half of the U.S. We can't stop every act of violence, but we can save lives if we act."""
684153926636015616,2016-01-04 23:26:21,9009,"b'Each year, more than 30,000 American lives are cut short by guns - two-thirds coming from suicides. Too many Americans have lost loved ones.'"
680464195993911296,2015-12-25 19:04:41,7820,"b'From the Obama family to yours, Merry Christmas! And a special thank you to all our men and women in uniform this holiday season.'"
679773729749078016,2015-12-23 21:21:01,7130,"b""I'm proud of the @NBA for taking a stand against gun violence. Sympathy for victims isn't enough \xe2\x80\x93 change requires all of us speaking up."""
678656661024858112,2015-12-20 19:22:11,16809,"b""Zaevion Dobson died saving three friends from getting shot. He was a hero at 15. What's our excuse for not acting? https://t.co/hn98uGsjKZ"""
677991253259264000,2015-12-18 23:18:05,5417,b'RT @NASA: .@NASA_Hubble found what looks like a cosmic lightsaber in our Milky Way galaxy: https://t.co/vVBSVTpH2L #StarWars https://t.co/P\xe2\x80\xa6'
677222716303364098,2015-12-16 20:24:12,12827,"b'Congrats on a great career, Abby Wambach. For the goals you\xe2\x80\x99ve scored &amp; the kids you\xe2\x80\x99ve inspired, you\xe2\x80\x99re the GOAT! https://t.co/Kud56ChsBO'"
675812094902714369,2015-12-12 22:58:54,4510,"b'The strong Paris agreement on climate means a safer, more secure world for our kids. A perfect example of what American leadership can do.'"
675062773307588610,2015-12-10 21:21:21,2340,b'The opioid epidemic is destroying lives. We need to put treatment within reach of anyone who needs it. https://t.co/RJfKkield9'
674735966830116864,2015-12-09 23:42:45,2921,"b""Herzlichen Gl\xc3\xbcckwunsch to my friend and Time's Person of the Year, Angela Merkel! Thanks for your moral leadership and strong partnership."""
674620408642084865,2015-12-09 16:03:33,5895,"b""150 years since the abolition of slavery, a turning point in our history. Progress - that's our story."""
671365993399255040,2015-11-30 16:31:40,4008,"b'Addressing climate change takes all of us, especially the private sector going all-in on clean energy worldwide. https://t.co/qQ6wCZUR1Z'"
671094262826704896,2015-11-29 22:31:55,4832,b'Good news: the world now adds more clean power capacity each year than dirtier fossil-fuel based power capacity. https://t.co/nrNiwDAKuN'
670745089975721984,2015-11-28 23:24:25,2246,b'Enjoyed stopping by Upshur Street Books today. Celebrate Small Business Saturday by supporting a business near you. https://t.co/udTcIhxtOC'
669923936574922752,2015-11-26 17:01:27,7822,"b'Happy Thanksgiving, everyone! Today, we give thanks for all of our loved ones and the brave men and women in uniform who serve our country.'"
667021784726769665,2015-11-18 16:49:20,47135,"b""Slamming the door in the face of refugees would betray our deepest values. That's not who we are. And it's not what we're going to do."""
667021076094976002,2015-11-18 16:46:31,9989,"b""Welcoming the world\xe2\x80\x99s vulnerable who seek the safety of America is not new to us. We've safely welcomed 3 million refugees since 1975."""
667020445066096640,2015-11-18 16:44:01,5361,"b'Here, our focus is giving safe haven to the most vulnerable Syrians \xe2\x80\x93 women, children, and survivors of torture.'"
667019888234528768,2015-11-18 16:41:48,7265,"b'We will provide refuge to at least 10,000 refugees fleeing violence in Syria over the next year after they pass the highest security checks.'"
667019384225996800,2015-11-18 16:39:48,4488,b'We also win this fight with our values. America can ensure our own security while welcoming refugees desperately seeking safety from ISIL.'
667018696137773056,2015-11-18 16:37:04,6195,"b""Protecting the American people is my top priority. With our 65 global partners, we're leading the campaign to degrade and destroy ISIL."""
664853410135613440,2015-11-12 17:13:00,4204,"b'This is an American hero: Capt. Groberg put it all on the line for his team. On his worst day, he gave us his best. https://t.co/WdWAPswJpE'"
664466446102216704,2015-11-11 15:35:20,10257,"b'Today, we honor the incredible men and women who have served our country. Their sacrifice and selflessness is second to none.'"
663813521289953281,2015-11-09 20:20:51,3106,b'I just launched my Facebook page with a video on climate change. America will lead on this. The time to act is now. https://t.co/WG5y1FbhIA'
660866496474832896,2015-11-01 17:10:25,2927,"b'Every American deserves quality, affordable health care. If you or a friend needs coverage, go to https://t.co/PJ7xIL6FjY and sign up now.'"
659775465352249344,2015-10-29 16:55:03,4731,b'Who knew community policing could involve the Nae Nae? Great example of police having fun while keeping us safe: https://t.co/ZGeTDm6OYw'
659196797701763072,2015-10-28 02:35:38,9839,b'Good to be home for a night. Even better to see the @chicagobulls start the season off right! #SeeRed'
657641041361817600,2015-10-23 19:33:37,19272,b'Our thoughts are with the Mexican people as they brace for Hurricane Patricia. USAID disaster experts are on the ground and ready to help.'
656926385882185728,2015-10-21 20:13:50,19321,"b""Happy Back to the Future Day, @RealMikeFox! Ever think about the fact that we live in the future we dreamed of then? That's heavy, man."""
656894040319791104,2015-10-21 18:05:18,1004,"b""So I'm eager to hear from folks in Charleston today on actions we can take to put recovery within reach for anyone who needs it."""
656893143015526404,2015-10-21 18:01:44,2375,b'Communities are showing that we should approach substance use disorders as an opportunity to intervene rather than a race to incarcerate.'
656892337939845120,2015-10-21 17:58:32,1238,"b""With no other disease do we expect people to wait until they're a danger to themselves or others to self-diagnose and seek treatment."""
656891501520130048,2015-10-21 17:55:13,2027,b'4 in 5 heroin users started out by misusing prescription opioids. Heroin-related deaths nearly quadrupled between 2002 and 2013.'
656890709555843072,2015-10-21 17:52:04,1569,"b'Sales of powerful painkillers have skyrocketed. In 2012, enough prescriptions were written to give every American adult a bottle of pills.'"
656889814201991168,2015-10-21 17:48:30,3053,"b""120 Americans die every day from drug overdoses - most involving legal prescription drugs. That's more than from car crashes."""
656889342200188928,2015-10-21 17:46:38,2299,b'Heading to West Virginia today to talk about the epidemic of prescription drug abuse in America and what we can do to help. The facts:'
656546367083532292,2015-10-20 19:03:46,914,"b'RT @FactsOnClimate: Climate change threatens us all, and it will take all of us to solve it. Get the facts on how we can: https://t.co/D0uI\xe2\x80\xa6'"
656263630741073920,2015-10-20 00:20:17,4603,b'I got a chance to catch up with the @Space_Station crew today. Nothing like a call to space on #AstronomyNight! https://t.co/JVLzYDQ8Jo'
656153597932118018,2015-10-19 17:03:03,2237,"b""I just met with CEOs of some of our biggest companies who are stepping up to #ActOnClimate. It's good for the planet - and the bottom line."""
655044746759438336,2015-10-16 15:36:52,1119,"b""Congrats @HokuleaWWV on reaching Africa\xe2\x80\x94midpoint of worldwide voyage to spread message of caring for the one planet we've got. #MalamaHonua"""
654094154176315392,2015-10-14 00:39:33,9635,b'Congrats @Cubs - even @whitesox fans are rooting for you!'
649748792099622912,2015-10-02 00:52:38,10350,"b'Thanks, Zack. https://t.co/gOGzWmYdxQ'"
648544017806938112,2015-09-28 17:05:17,2598,b'We have a moral responsibility to do what we can for families forced from their homes. Find out how you can help at http://t.co/J8A6mTD6D4.'
648543480277544960,2015-09-28 17:03:09,1719,"b""But this isn't just about what I can do as President. Every single one of us - from citizens to NGOs - can help refugees find safe haven."""
648543139196743680,2015-09-28 17:01:48,5296,"b""We're also increasing the number of Syrian and other refugees we admit to the U.S. to 100,000 per year for the next two years."""
648542721125294080,2015-09-28 17:00:08,1309,"b""We've provided more than $4.5 billion in humanitarian aid to help meet the needs of those impacted by the Syrian conflict."""
648542324167974917,2015-09-28 16:58:34,4053,"b""Nearly 12 million people have been displaced by the conflict in Syria. As Americans, we can't sit idly by. That's not who we are."""
647912497450606592,2015-09-26 23:15:51,8190,"b""I'm grateful for the teachers who helped spark my sense of curiosity. The #62MillionGirls who aren't in school should have that same chance."""
646786649251164160,2015-09-23 20:42:08,5064,"b""Yogi Berra was an American original - a Hall of Famer, jovial prophet, &amp; a humble veteran. We'll miss you, Yogi, but your legacy ain't over."""
646666671864852480,2015-09-23 12:45:23,6998,"b'Welcome to the White House, @Pontifex! Your messages of love, hope, and peace have inspired us all.'"
646390309551775744,2015-09-22 18:27:13,1001,b'Millions of families are more secure thanks to the ACA. Join them and #GetCovered on Nov 1: http://t.co/PJ7xIL6FjY  https://t.co/GF6yS0aHol'
646351288964354049,2015-09-22 15:52:10,3997,"b""Our right to vote is sacred. It's the foundation of our democracy. You can find out how to register to vote at http://t.co/8kaqY0U3fn."""
644193755814342656,2015-09-16 16:58:54,403709,"b""Cool clock, Ahmed. Want to bring it to the White House? We should inspire more kids like you to like science. It's what makes America great."""
643886166769405952,2015-09-15 20:36:39,2900,"b""We've fought back because of you. We shouldn't slip back because of Congress. I urge them to send me a budget that invests in our future."""
643885400847593472,2015-09-15 20:33:37,6854,"b""When I took office, the budget deficit had reached 9.2% of our GDP. We've cut that down to 2.8%. http://t.co/3viaw4b0bB"""
643884680253599744,2015-09-15 20:30:45,3710,"b'When I took office, 15.4% of our population was uninsured. Today, we\xe2\x80\x99ve cut that by more than a third. http://t.co/3OOqcz8Oxp'"
643883952093073408,2015-09-15 20:27:51,2696,"b'In 2009, our auto industry was flatlining. Now our workers are on pace to sell more American cars and trucks than any year since 2001.'"
643883096689913856,2015-09-15 20:24:27,5385,"b""We've cut the unemployment rate in half \xe2\x80\x93 from a high of 10% down to 5.1%. And we're not done. http://t.co/uRfaSoiGuA"""
643882408283086848,2015-09-15 20:21:43,5871,"b'When I took office, 800,000 Americans lost their jobs each month. Our businesses have now added 13.1 million jobs over 66 straight months.'"
643882148315951104,2015-09-15 20:20:41,3165,"b""7 years ago today, Lehman Brothers filed for bankruptcy, setting off the worst financial crisis in decades. Here's how far we've come:"""
643440607721992192,2015-09-14 15:06:10,2824,"b'""@FAFSA"" might be hard to say, but filling it out can help you pay for college. FLOTUS, you\'re up! #5TimesFAFSA http://t.co/y1Jv8aeGUH'"
642327755221299200,2015-09-11 13:24:05,39908,"b'14 years after the terrorist attacks of 9/11, we honor those we lost. We salute all who serve to keep us safe. We stand as strong as ever.'"
642084092113256450,2015-09-10 21:15:51,2998,"b""Today's Senate vote on the Iran deal is a historic step toward preventing Iran from obtaining a nuclear weapon. The world is safer for it."""
640566616925818880,2015-09-06 16:45:57,2658,"b'Thank you, Colin, for putting your experience and expertise behind this important initiative for our country. https://t.co/bSnaLMs8CU'"
639508843773468672,2015-09-03 18:42:44,9070,b'I loved Alaska and met so many inspiring people. Have to keep up the fight on climate change for their sake\xe2\x80\x94and ours. http://t.co/HzWW0S6iQc'
638403631306248192,2015-08-31 17:31:01,14401,"b'Today we\xe2\x80\x99re returning Mount McKinley to its native name - Denali, a step to reflect the heritage of Alaska Natives. http://t.co/WyzQImKymX'"
637733790090199040,2015-08-29 21:09:18,2676,"b""In Treme, I was inspired by the progress &amp; people 10 years after Katrina. It gives us hope, but our work isn't done. http://t.co/LDqsARhnZt"""
636923084818259968,2015-08-27 15:27:51,1599,"b'Amidst global volatility, Congress should protect the momentum of our growing economy (not kill it). We must avoid shutdown / austerity.'"
636235501658222592,2015-08-25 17:55:38,5790,b'The National Park Service: 99 years and 84 million acres strong. Congrats to all who work to protect these treasures. http://t.co/R8RyB9vkVW'
634413305516412928,2015-08-20 17:14:53,6260,"b""President Carter is as good a man as they come. Michelle and I are praying for him and Rosalynn. We're all pulling for you, Jimmy."""
632212730209009664,2015-08-14 15:30:35,8339,"b""Due to popular request, here are my vacation playlists: http://t.co/uer5sIl4Vk http://t.co/zHEekHvQBr What's your favorite summer song?"""
632209808930828288,2015-08-14 15:18:58,2817,"b'RT @JohnKerry: Pleased to be in #Havana for historic day @USEmbCuba. Incredible: last time #SecState visited #Cuba, FDR was @POTUS. http://\xe2\x80\xa6'"
629343799299411969,2015-08-06 17:30:29,1831,"b""Thank you for all you've done to protect our sacred right to vote. It's as important today as it's ever been. https://t.co/ge74wu5nc1"""
629342681962049538,2015-08-06 17:26:02,5103,"b'Heroes like @RepJohnLewis, Dr. King, and countless others sacrificed so that all of our voices could be heard. http://t.co/L7kxtWQlYW'"
629342056876503040,2015-08-06 17:23:33,5059,"b'Before 1965, African Americans faced poll taxes, literacy tests, or having to count jellybeans in a jar when they tried to register to vote.'"
629341526439653377,2015-08-06 17:21:27,7082,"b'50 years ago today, President Johnson signed the Voting Rights Act into law, securing the right to vote for millions of African Americans.'"
629064761188184064,2015-08-05 23:01:41,7520,b'Pretty incredible time lapse of the dark side of the moon passing Earth from @NASA. American ingenuity at work! http://t.co/JKep9bcxGQ'
629030795299147776,2015-08-05 20:46:43,2774,b'Important detail \xe2\x80\x93 there are no secret deals. My staff can brief you on any question about any part of the deal. https://t.co/UO0B5xCOPh'
629030461449338881,2015-08-05 20:45:23,1868,"b""The choice is ultimately between diplomacy and war. Iran's nuclear program accelerates if Congress kills this deal. https://t.co/nvBeO1Omko"""
629028301454094336,2015-08-05 20:36:48,1989,"b'It\'s the strongest nuclear deal ever negotiated. There\'s no such thing as a ""better deal."" Walking away risks war. https://t.co/la7GhQXfzl'"
628286472781754368,2015-08-03 19:29:02,8838,"b""I refuse to condemn our kids to a planet that's beyond fixing. Let's meet this challenge and #ActOnClimate together."""
628285077970153472,2015-08-03 19:23:30,2480,"b'Despite what the critics will tell you, this plan will ultimately save the average American family nearly $85 a year on their energy bills.'"
628283831104237569,2015-08-03 19:18:32,2672,"b""Thanks to this plan, there will be 90,000 fewer asthma attacks among our kids and we'll avoid 3,600 premature deaths in 2030."""
628283044772868097,2015-08-03 19:15:25,3072,"b""It's time to change that. With the Clean Power Plan, by 2030, carbon pollution from power plants will be 32% lower than it was a decade ago."""
628282174869999616,2015-08-03 19:11:58,2560,"b'Right now, power plants account for about one-third of America\xe2\x80\x99s carbon pollution. That\xe2\x80\x99s more than our cars, airplanes, and homes combined.'"
628280902817304578,2015-08-03 19:06:54,4090,"b'Levels of carbon dioxide in our atmosphere are higher than they\xe2\x80\x99ve been in 800,000 years. 2014 was the planet\xe2\x80\x99s warmest year on record.'"
628280710017720321,2015-08-03 19:06:08,5451,"b""Today, we're announcing America's Clean Power Plan\xe2\x80\x94the most important step we've ever taken to combat climate change. Here are the facts:"""
627560699347255297,2015-08-01 19:25:04,3951,"b'Hey @StationCDRKelly, loving the photos. Do you ever look out the window and just freak out?'"
627211041466941441,2015-07-31 20:15:39,8188,"b'Launching a pilot program to help students in prison pay for college, because everyone willing to work for it deserves a second chance.'"
626794365869010945,2015-07-30 16:39:56,3408,"b'Happy 50th birthday, Medicare and Medicaid! Two programs, one promise: that every American deserves a basic measure of dignity and security.'"
625411767414444032,2015-07-26 21:05:59,3026,"b""25 years of the ADA and Americans with disabilities are breaking more barriers than ever, making all of us more free. Let's keep going."""
624691954224365568,2015-07-24 21:25:42,19041,"b'Proud to be the first American President to visit Kenya. Happy to see family, and to talk with young Kenyans about the future.'"
623661992952377344,2015-07-22 01:13:00,1824,"b""E.L. Doctorow was one of America's greatest novelists. His books taught me much, and he will be missed."""
623502798366351360,2015-07-21 14:40:25,1306,b'RT @TheIranDeal: The historic #IranDeal succeeds in verifying that Iran cannot obtain a nuclear weapon. Follow to get the facts: http://t.c\xe2\x80\xa6'
623137065341952000,2015-07-20 14:27:08,20883,b'Just got this new blue marble photo from @NASA. A beautiful reminder that we need to protect the only planet we have. http://t.co/JQ3174P0LF'
622147491862028289,2015-07-17 20:54:55,5882,"b""Had a great visit today with Emma Didlake - our oldest living veteran at 110-years-young! She's a true American hero. http://t.co/EeeIC3AK4A"""
622091025541136384,2015-07-17 17:10:33,23894,b'Congrats to Oregon on passing two years of free community college! Every hardworking student deserves access to higher education.'
621133763385425920,2015-07-15 01:46:43,19764,"b""Pluto just had its first visitor! Thanks @NASA - it's a great day for discovery and American leadership. http://t.co/FfztBSMbK0"""
621121462649397249,2015-07-15 00:57:51,1406,"b""Good conversation with Tom Friedman on the deal we reached with Iran. It's a major step toward a safer world.  https://t.co/xwSrH9IoFG"""
621088588583800832,2015-07-14 22:47:13,26182,"b""Mass incarceration doesn't work. Let's build communities that give kids a shot at success and prisons that prepare people for a 2nd chance."""
621087343253057541,2015-07-14 22:42:16,98471,b'We could eliminate tuition at every public college and university in America with the $80 billion we spend each year on incarcerations.'
621086198254145536,2015-07-14 22:37:43,20291,b'The $80 billion we spend each year on incarcerations could double the salary of every high school teacher in America.'
621085397007888384,2015-07-14 22:34:32,14672,b'The $80 billion we spend each year to keep people incarcerated could pay for universal pre-K for every 3-year-old and 4-year-old in America.'
621084469970214914,2015-07-14 22:30:51,12025,"b'In 1980, there were 500,000 people in American jails. Today, there are 2.2 million. Many belong. But too many are nonviolent offenders.'"
621083313063763968,2015-07-14 22:26:15,11367,b'America keeps more people behind bars than the top 35 European countries combined.'
621081946236563456,2015-07-14 22:20:49,13811,"b""America is home to 5% of the world's population, but 25% of the world's prisoners."""
621081548029345792,2015-07-14 22:19:14,2883,"b'Just spoke to the NAACP about criminal justice reform, something many broadly agree on. Some stats:'"
619509587272691712,2015-07-10 14:12:50,19652,"b'South Carolina taking down the confederate flag - a signal of good will and healing, and a meaningful step towards a better future.'"
617860799953010688,2015-07-06 01:01:08,27308,b'What a win for Team USA! Great game @CarliLloyd! Your country is so proud of all of you. Come visit the White House with the World Cup soon.'
617542692952764417,2015-07-05 03:57:06,5340,b'http://t.co/Ft3DwYWRJv'
617430014422843392,2015-07-04 20:29:21,9261,"b""It doesn't get much better than celebrating America with the people you love. Happy Fourth of July, everyone!"""
616441802023960576,2015-07-02 03:02:33,13039,"b""It's not mine; just a loaner. Maybe you can come play at the White House sometime instead?  https://t.co/srZKB6plzz"""
616418071683665920,2015-07-02 01:28:15,401,b'RT @hotelkeys: @POTUS \n23yrold recent grad has full-time job but no insurance. Peace of mind that she can be on our plan. #ACAWorks'
616417443246907392,2015-07-02 01:25:45,415,"b'RT @crazywritinfool: @POTUS #ACAWorks because I could switch insurance providers to get a lower rate. Couldn\'t before due to ""preexisting c\xe2\x80\xa6'"
616416832157818880,2015-07-02 01:23:19,736,b'RT @RandynAverysMom: #AskPOTUS my dad is a small biz owner and never had insurance. #ACA allowed him access to life saving cancer screening\xe2\x80\xa6'
616416358096572416,2015-07-02 01:21:26,490,b'RT @NotoriousLLT: Sister is legally blind &amp; on disability b/c of glaucoma. She needs care to keep sight she has left. With #ACA she can aff\xe2\x80\xa6'
616340901351264256,2015-07-01 20:21:36,929,"b""Gotta go, but this was fun. Let's keep the health care conversation going - share how the #ACAWorks for you or your family."""
616339969125302276,2015-07-01 20:17:54,3567,"b""butler's a great player on o and d; let's sign him up long term. go bulls! https://t.co/IqbyUmcbmJ"""
616339733132804096,2015-07-01 20:16:58,868,"b""people lack info/turned off by political noise. w court case done, let's focus on getting people signed up. https://t.co/vFCDgMXSE9"""
616338933962670080,2015-07-01 20:13:47,10580,b'pushing to make 2 yrs comm college free; permit refinancing on student loans; push colleges to keep tuition low https://t.co/dTbTNDQSII'
616338528138608640,2015-07-01 20:12:10,15186,"b'respect the nyt, but not buying peas in guac. onions, garlic, hot peppers. classic. https://t.co/MEEI8QHH1V'"
616338019843461121,2015-07-01 20:10:09,23410,b'was listening to outkast/liberation and the black keys/lonely boy this morning. https://t.co/1DP6CRdwlm'
616337692582899712,2015-07-01 20:08:51,1144,"b""there's a hardship exemption; fine only applies to folks who can afford insurance but choose not to. https://t.co/XWFEKbZCaT"""
616337090767405056,2015-07-01 20:06:28,3808,"b'have principles and issues you are passionate about, and act; worry more about doing something than being something. https://t.co/QqbgflhXDY'"
616336742854078464,2015-07-01 20:05:05,363,b'EX-IM bank helps US companies export; that means good paying american jobs. optimistic that congress gets it done. https://t.co/UeBhgiL64B'
616336192443916289,2015-07-01 20:02:53,591,"b""now's time to encourage states that held off for political reasons to do the right thing; contact state officials! https://t.co/QqUY3S9MoC"""
616335694928199680,2015-07-01 20:00:55,755,b'congratulations! hope you guys are getting sleep. nothing beats babies! https://t.co/ymGM0HARad'
616335347174232064,2015-07-01 19:59:32,522,"b'not true - like last year, insurers request premium hikes, but must be approved; expect final increases to be less   https://t.co/WfJI2AOLkP'"
616334401157378048,2015-07-01 19:55:46,781,b'we need to encourage states to take advantage of medicaid expansion; could insure 4 mil more people in 22 states! https://t.co/S9RlkVB1An'
616334258697859073,2015-07-01 19:55:12,2247,"b""Alright, let's do this. Ready to answer your health care questions. Keep 'em coming with #AskPOTUS. http://t.co/wK8RDF2H0i"""
616311028847112192,2015-07-01 18:22:54,1111,"b""Hello from Nashville! I'll be answering your questions on health care and the Affordable Care Act at 3:30pm ET. Tweet yours using #AskPOTUS."""
616057454430957572,2015-07-01 01:35:17,10186,"b""Congrats to the #USWNT! Can't wait for the finals. You make us all proud!"""
615887901654675456,2015-06-30 14:21:33,2370,"b""A hard day's work deserves a fair day's pay. That's why I'm announcing my plan to extend overtime protections. https://t.co/MrV56vTNa9"""
614552886731780097,2015-06-26 21:56:40,18772,"b""So inspired by the grace shown by the Simmons family and all the victims' families in Charleston. #HateWontWin http://t.co/jMS0SDUYui"""
614435467120001024,2015-06-26 14:10:05,421841,"b'Today is a big step in our march toward equality. Gay and lesbian couples now have the right to marry, just like anyone else. #LoveWins'"
614119220440367105,2015-06-25 17:13:26,3743,"b""The uninsured rate is the lowest it's ever been. Let's keep at it until every American has quality, affordable health insurance."""
614114880786956288,2015-06-25 16:56:11,3615,b'More than 137 million Americans have guaranteed access to preventive care like cancer screenings and birth control at no out-of-pocket cost.'
614111236620427265,2015-06-25 16:41:43,16584,b'Women can no longer be charged more for health coverage just for being women.'
614108370832891904,2015-06-25 16:30:19,4428,b'129 million Americans with pre-existing conditions can no longer be denied health coverage.'
614104506410901504,2015-06-25 16:14:58,2945,b'More than 16 million Americans have gained health coverage after 5 years of the Affordable Care Act.'
614101662349848576,2015-06-25 16:03:40,10368,"b""Today's decision is a victory for every hardworking American. Access to quality, affordable health care is a right, not a privilege."""
613130677303799809,2015-06-22 23:45:19,6889,b'Good luck Team USA \xe2\x80\x93 make us proud out there! #OneNationOneTeam http://t.co/btu3dRXPbr'
612437278019973120,2015-06-21 01:50:00,24068,b'Expressions of sympathy aren\xe2\x80\x99t enough. It\xe2\x80\x99s time we do something about this.'
612437042207834112,2015-06-21 01:49:04,41657,"b'Here are the stats: Per population, we kill each other with guns at a rate 297x more than Japan, 49x more than France, 33x more than Israel.'"
612433183297142784,2015-06-21 01:33:44,21163,"b'Good point, Mitt. https://t.co/Ryusfp8Xbh'"
611993830980747265,2015-06-19 20:27:54,5854,"b'In the midst of darkest tragedy, the decency and goodness of the American people shines through in these families. https://t.co/aYtAKrWwCY'"
611675003436843008,2015-06-18 23:20:59,4876,"b""Inspired by what @Pontifex wrote on climate change. Agree we have a moral responsibility to act to protect our kids and God's creation."""
611227969030328321,2015-06-17 17:44:38,1772,"b""Thrilled to formally recognize @LorettaLynch as the people's lawyer. You'll have no better partner in the fight for equality and justice."""
611026361491324929,2015-06-17 04:23:31,16459,b'What a team win for the Warriors and an epic season for Steph. Kudos to LeBron and the Cavs for an unbelievable effort under adversity.'
610820023968514048,2015-06-16 14:43:36,6844,"b""Congrats to my hometown @NHLBlackhawks on 3 titles in 6 years - we'll see you and The Cup at the White House!"""
610536520387268608,2015-06-15 19:57:04,4002,"b""So proud of these White House mentorship grads. Can't wait to see all the great things you achieve. I believe in you! http://t.co/ao6k8ErjHI"""
609163576616615936,2015-06-12 01:01:29,9675,b'I challenged them to a race. http://t.co/FpEUTnYgoD'
606226830241046528,2015-06-03 22:31:54,16513,b'This was a fun briefing: My science advisor just showed me this Hubble shot of the most crowded place in our galaxy. http://t.co/E2SeO9tumt'
605841647193030657,2015-06-02 21:01:19,3647,"b""Glad the Senate finally passed the USA Freedom Act. It protects civil liberties and our national security. I'll sign it as soon as I get it."""
605803300093452289,2015-06-02 18:28:56,2798,b'Awarded two Medals of Honor today for acts of bravery a century ago. We honor our heroes no matter how long it takes. http://t.co/AYazTecZpB'
604024846574620674,2015-05-28 20:42:00,1286,"b""RT @JustineinTampa: @POTUS I'm 30 now, but I've been promoting climate change since I was in the third grade! #ActOnClimate http://t.co/d77\xe2\x80\xa6"""
604024486036393984,2015-05-28 20:40:34,820,"b'RT @LizHadly: @POTUS Love the #ActOnClimate. As scientist, I say global action more important than science now. #WeKnowEnoughToAct.'"
603976385044971520,2015-05-28 17:29:26,1493,"b""Thanks for the questions! This was fun. I've got to run, but let\xe2\x80\x99s do it again soon. Tell me what you're doing to #ActOnClimate."""
603976299246321664,2015-05-28 17:29:05,2894,b'.@apat246 @chicagobulls love thibs and think he did a great job. Sorry to see him go but expect he will be snatched up soon by another team.'
603975856466198528,2015-05-28 17:27:20,536,b'.@ZCarlander agreement with China big and will be working w Brazil to develop their plans. We will all need to do more with US leading'
603975267422380033,2015-05-28 17:24:59,1242,"b'.@arianastover Kids instinctively understand importance of environment, impact on animals, health. Weave it into science and social studies'"
603974634510233600,2015-05-28 17:22:28,873,"b'.@HtetWint renewable energy key, already increased solar 10x and wind 3x, now need to invest more in r&amp;d and provide regulatory incentives'"
603973676975939585,2015-05-28 17:18:40,1881,b'. @Jamesthe4tress Already expanded Pell Grants and capped student loan interest rates; now want to make 2 yrs of community college free.'
603973127383580672,2015-05-28 17:16:29,259,"b'@HLF3267 In fact new trade deal with have the strongest enforceable environmental provisions in history, raising standards across Asia.'"
603972926287708160,2015-05-28 17:15:41,923,"b'.@ZCarlander more severe weather events lead to displacement, scarcity, stressed populations; all increase likelihood of global conflict.'"
603971948180176896,2015-05-28 17:11:48,6388,b'.@NathenVieira jr smith having a great season but the heart of the Cavs is Lebron. And no one can outshoot Curry - maybe Korver if wide open'
603971215372361728,2015-05-28 17:08:53,492,"b'@.gkermmm 2/ after I sign agreement, Congress will have months of debate before a vote. Nothing secret about it.'"
603971008328957953,2015-05-28 17:08:04,427,b'.@gkermmm 1/ TPP is still being negotiated! But legislation requires the full text for 60 days before I sign.'
603970422636290048,2015-05-28 17:05:44,856,b'.@drock89 as @Pontifex and other religious leaders have stated we have a moral obligation to the most vulnerable and the next generation.'
603969986730708992,2015-05-28 17:04:00,446,"b"".@BigBennyFL 3/ already rejected Shell's original proposal as inadequate which shows we're serious."""
603969716261036032,2015-05-28 17:02:56,447,"b"".@BigBennyFL 2/ But since we can't prevent oil exploration completely in region we're setting the highest possible standards"""
603968878058676225,2015-05-28 16:59:36,265,"b""@BigBennyFL 1/ We've shut off drilling in the most sensitive arctic areas, including Bristol Bay."""
603968065240313859,2015-05-28 16:56:22,1229,b'.@calebmegajew the science is overwhelming but what will move Congress will be public opinion. Your voices will make them open to facts.'
603966058462973953,2015-05-28 16:48:24,3145,"b""Ready to answer your questions on climate change. Let's do this! #AskPOTUS http://t.co/5KrIb5jL6S"""
603959253334822913,2015-05-28 16:21:21,1914,"b""Just got a hurricane preparedness briefing in Miami. Acting on climate change is critical. Got climate Qs? I'll answer at 1pm ET. #AskPOTUS"""
602878130362146816,2015-05-25 16:45:21,8813,"b""Spent the morning at Arlington. Take time today to honor our fallen heroes. We're forever indebted to their families. http://t.co/hChhhOVCS3"""
601844801672257536,2015-05-22 20:19:17,4574,"b"".@DrFahmida tell your niece I really like her letter. Couldn't agree more!"""
601841646020464640,2015-05-22 20:06:44,2802,"b'.@rebsteve really enjoyed stopping by today. I had fun singing Shabbat Shalom with the PreK class downstairs, too! http://t.co/6b8CrXSgMt'"
601082858497830913,2015-05-20 17:51:35,4910,"b""An honor to address the Coast Guard class of 2015. Confident they'll help us meet big challenges like climate change. http://t.co/1z4fteA1YJ"""
600407380279566336,2015-05-18 21:07:29,57541,"b'Good question, @billclinton. The handle comes with the house. Know anyone interested in @FLOTUS?'"
600388258665787392,2015-05-18 19:51:30,9235,"b'In Camden today, seeing first-hand how smart policing is making the community safer while building trust. http://t.co/3MiWk43c8g'"
600324682190053376,2015-05-18 15:38:52,291318,"b""Hello, Twitter! It's Barack. Really! Six years in, they're finally giving me my own account."""
